<?xml version="1.0" encoding="UTF-8"










?>
<OpenSearchDescription xmlns="http://a9.com/-/spec/opensearch/1.1/">
<ShortName>Nette Framework 2.0.5 API</ShortName>
<Description>Nette Framework 2.0.5 API Documentation</Description>
<Url type="text/html" method="GET" template="http://www.google.com/cse?cx=011549293477758430224%3Avxofa9ufnhc&amp;ie=UTF-8&amp;q={searchTerms}%20more%3Aapi"/>
<Image width="16" height="16">http://api.nette.org/2.0/favicon.ico</Image>
<SyndicationRight>open</SyndicationRight>
<InputEncoding>UTF-8</InputEncoding>
<OutputEncoding>UTF-8</OutputEncoding>
</OpenSearchDescription>
